correct,generate
A man with a red helmet on a small moped on a dirt road. ,a man riding a motorcycle down a dirt road [SEP]
Man riding a motor bike on a dirt road on the countryside.,a man riding a motorcycle down a dirt road [SEP]
A man riding on the back of a motorcycle.,a man riding a motorcycle down a dirt road [SEP]
A dirt path with a young person on a motor bike rests to the foreground of a verdant area with a bridge and a background of cloud-wreathed mountains. ,a man riding a motorcycle down a dirt road [SEP]
A man in a red shirt and a red hat is on a motorcycle on a hill side.,a man riding a motorcycle down a dirt road [SEP]
A woman wearing a net on her head cutting a cake. ,a woman in a red shirt and a white hat [SEP]
A woman cutting a large white sheet cake.,a woman in a red shirt and a white hat [SEP]
A woman wearing a hair net cutting a large sheet cake.,a woman in a red shirt and a white hat [SEP]
there is a woman that is cutting a white cake,a woman in a red shirt and a white hat [SEP]
A woman marking a cake with the back of a chef's knife. ,a woman in a red shirt and a white hat [SEP]
A child holding a flowered umbrella and petting a yak.,a group of people [SEP]
A young man holding an umbrella next to a herd of cattle.,a group of people [SEP]
a young boy barefoot holding an umbrella touching the horn of a cow,a group of people [SEP]
A young boy with an umbrella who is touching the horn of a cow.,a group of people [SEP]
A boy holding an umbrella while standing next to livestock.,a group of people [SEP]
A young boy standing in front of a computer keyboard.,a young boy wearing headphones while using a computer [SEP]
a little boy wearing headphones and looking at a computer monitor,a young boy wearing headphones while using a computer [SEP]
He is listening intently to the computer at school.,a young boy wearing headphones while using a computer [SEP]
A young boy stares up at the computer monitor.,a young boy wearing headphones while using a computer [SEP]
a young kid with head phones on using a computer ,a young boy wearing headphones while using a computer [SEP]
a boy wearing headphones using one computer in a long row of computers,a boy wearing a white shirt [SEP]
A little boy with earphones on listening to something.,a boy wearing a white shirt [SEP]
A group of people sitting at desk using computers.,a boy wearing a white shirt [SEP]
Children sitting at computer stations on a long table.,a boy wearing a white shirt [SEP]
A small child wearing headphones plays on the computer.,a boy wearing a white shirt [SEP]
A woman in a room with a cat.,a woman in a kitchen [SEP]
A girl smiles as she holds a cat and wears a brightly colored skirt.,a woman in a kitchen [SEP]
a woman is holding a cat in her kitchen,a woman in a kitchen [SEP]
A woman is working in a kitchen carrying a soft toy.,a woman in a kitchen [SEP]
A woman is holding a cat in her kitchen.,a woman in a kitchen [SEP]
A young girl inhales with the intent of blowing out a candle. ,a woman sitting at a table with a candle in her mouth [SEP]
A young girl is preparing to blow out her candle.,a woman sitting at a table with a candle in her mouth [SEP]
A kid is to blow out the single candle in a bowl of birthday goodness. ,a woman sitting at a table with a candle in her mouth [SEP]
Girl blowing out the candle on an ice-cream ,a woman sitting at a table with a candle in her mouth [SEP]
A little girl is getting ready to blow out a candle on a small dessert.,a woman sitting at a table with a candle in her mouth [SEP]
A commercial stainless kitchen with a pot of food cooking. ,a kitchen with a stove and a sink [SEP]
Some food sits in a pot in a kitchen. ,a kitchen with a stove and a sink [SEP]
A kitchen has all stainless steel appliances and counters.,a kitchen with a stove and a sink [SEP]
a kitchen with a sink and many cooking machines and a pot of food,a kitchen with a stove and a sink [SEP]
Food cooks in a pot on a stove in a kitchen.,a kitchen with a stove and a sink [SEP]
Two men wearing aprons working in a commercial-style kitchen.,a man in a kitchen [SEP]
Chefs preparing food in a professional metallic style kitchen.,a man in a kitchen [SEP]
Two people standing around in a large kitchen.,a man in a kitchen [SEP]
A commercial kitchen with two men working to prepare several plates.,a man in a kitchen [SEP]
two men in white shirts in a large steel kitchen,a man in a kitchen [SEP]
Two chefs in a restaurant kitchen preparing food. ,a man in a kitchen preparing food [SEP]
Two cooks are cooking the food someone ordered at this restaurant,a man in a kitchen preparing food [SEP]
The chef is cooking with pans on the stove next to an oven. ,a man in a kitchen preparing food [SEP]
Two men that are standing in a kitchen.,a man in a kitchen preparing food [SEP]
Two cooks are near the stove in a stainless steel kitchen.,a man in a kitchen preparing food [SEP]
this is a very dark picture of a room with a shelf,a room with many desks and a clock [SEP]
a cluttered room with a table and shelf on the wall.,a room with many desks and a clock [SEP]
"A view of a messy room, with shelves on the wall.",a room with many desks and a clock [SEP]
A dark and cluttered storage area with wood walls.,a room with many desks and a clock [SEP]
A dim lit room consisting of many objects put together. ,a room with many desks and a clock [SEP]
A kitchen filled with black appliances and lots of counter top space.,a kitchen with a sink and a stove [SEP]
some brown cabinets a black oven a tea kettle and a microwave,a kitchen with a sink and a stove [SEP]
A small kitchen with glass and wooden cabinets.,a kitchen with a sink and a stove [SEP]
A modern style kitchen filled with may different items.,a kitchen with a sink and a stove [SEP]
A kitchen with wooden cabinets and black appliances.,a kitchen with a sink and a stove [SEP]
A professional kitchen filled with sinks and appliances.,a kitchen with a sink and a stove [SEP]
A kitchen area with toilet and various cleaning appliances.,a kitchen with a sink and a stove [SEP]
A commercial dish washing station with a toilet in it.,a kitchen with a sink and a stove [SEP]
A toilet and mop bucket in a kitchen.,a kitchen with a sink and a stove [SEP]
"A cluttered room with a sink, a toilet and in industrial mop bucket.",a kitchen with a sink and a stove [SEP]
A man on a bicycle riding next to a train,a train on the tracks [SEP]
A person is riding a bicycle but there is a train in the background.,a train on the tracks [SEP]
a red and white train and a man riding a bicycle,a train on the tracks [SEP]
a guy that is riding his bike next to a train,a train on the tracks [SEP]
A man riding a bike past a train traveling along tracks.,a train on the tracks [SEP]
A narrow kitchen filled with appliances and cooking utensils.,a kitchen with a sink and a stove [SEP]
A galley kitchen with cabinets and appliances on both sides,a kitchen with a sink and a stove [SEP]
A hallway leading into a white kitchen with appliances.,a kitchen with a sink and a stove [SEP]
"Doorway view of a kitchen with a sink, stove, refrigerator and pantry.",a kitchen with a sink and a stove [SEP]
The pantry door of the small kitchen is closed.,a kitchen with a sink and a stove [SEP]
A kitchen with wood floors and lots of furniture.,a kitchen and dining area in a home [SEP]
"A beautiful, open kitchen and dining room area features an island in the center and wood cabinets and large windows.",a kitchen and dining area in a home [SEP]
A kitchen made of mostly wood with a small desk with a laptop.,a kitchen and dining area in a home [SEP]
A very spacious room with a kitchen and dining area.,a kitchen and dining area in a home [SEP]
A full view of an open kitchen and dining area.,a kitchen and dining area in a home [SEP]
A woman eating vegetables in front of a stove.,a woman eating a salad [SEP]
A woman forks vegetables out of a bowl into her mouth. ,a woman eating a salad [SEP]
Woman eating an assortment of mixed vegetables in a bowl.,a woman eating a salad [SEP]
A young woman standing in a kitchen eats a plate of vegetables.,a woman eating a salad [SEP]
A woman eating fresh vegetables from a bowl.,a woman eating a salad [SEP]
A kitchen is shown with a variety of items on the counters.,a kitchen with a sink and a window [SEP]
A kitchen has the windows open and plaid curtains.,a kitchen with a sink and a window [SEP]
A kitchen with two windows and two metal sinks.,a kitchen with a sink and a window [SEP]
An older kitchen with cluttered counter tops but empty sink.,a kitchen with a sink and a window [SEP]
Glasses and bottles are placed near a kitchen sink.,a kitchen with a sink and a window [SEP]
A boy performing a kickflip on his skateboard on a city street.,a man doing a trick on a skateboard [SEP]
A man is doing a trick on a skateboard,a man doing a trick on a skateboard [SEP]
A guy jumps in the air with his skateboard beneath him.,a man doing a trick on a skateboard [SEP]
Man in all black doing a trick on his skateboard.,a man doing a trick on a skateboard [SEP]
A skateboarder flipping his board on a street.,a man doing a trick on a skateboard [SEP]
"A kitchen with a stove, microwave and refrigerator.",a black stove [SEP]
"A refrigerator, oven and microwave sitting in a kitchen.",a black stove [SEP]
The kitchenette uses  small space to great efficiency.,a black stove [SEP]
an image of a kitchen setting with black appliances,a black stove [SEP]
"A kitchen with cabinets, a stove, microwave and refrigerator.",a black stove [SEP]
A group of people riding on the back of a loaded red pickup truck.,a truck with a bunch of bags on the back [SEP]
A truck with a number of people and things in the back,a truck with a bunch of bags on the back [SEP]
Men are crowded on the back of a small overloaded pickup truck.,a truck with a bunch of bags on the back [SEP]
An old pick up truck over loaded with people and cargo.,a truck with a bunch of bags on the back [SEP]
A truck carries a large amount of items and a few people.,a truck with a bunch of bags on the back [SEP]
A wooden ball on top of a wooden stick.,a wooden table with a bunch of wooden spoons [SEP]
The table is full of wooden spoons and utensils.,a wooden table with a bunch of wooden spoons [SEP]
A wood table holding an assortment of wood cooking utensils.,a wooden table with a bunch of wooden spoons [SEP]
A selection of wooden kitchen tools on a counter.,a wooden table with a bunch of wooden spoons [SEP]
Wooden spoons are lined up on a table,a wooden table with a bunch of wooden spoons [SEP]
Multiple wooden spoons are shown on a table top.,a wooden table [SEP]
A table surrounded by chairs and filled with cooking utensils.,a wooden table [SEP]
Wooden spoons laid out across a kitchen table.,a wooden table [SEP]
Wooden spoons and forks are all over a table.,a wooden table [SEP]
A table and chairs with wooden kitchen tools on top.,a wooden table [SEP]
A large boat filled with mean on wheels.,a boat is being pulled by a cart [SEP]
A bunch of people aboard a boat with wheels. ,a boat is being pulled by a cart [SEP]
A boat is being rolled on a trailer,a boat is being pulled by a cart [SEP]
A large boat full of men is sitting on a cart ,a boat is being pulled by a cart [SEP]
A boat full of people is on a trailer with wheels.,a boat is being pulled by a cart [SEP]
several young students working at a desk with multiple computers,a man working on a laptop [SEP]
"A young man at his workstation examines the monitor of a lap top, with one hand on the keyboard and the other on the mouse.",a man working on a laptop [SEP]
A man is working on a laptop next to other computers.,a man working on a laptop [SEP]
"People in a large room, use multiple computers.",a man working on a laptop [SEP]
A young professional is working at his laptop while his coworker is reading material.,a man working on a laptop [SEP]
A man riding an elephant into some water of a creek.,a man riding an elephant through a river [SEP]
man riding an elephant into water surrounded by forest,a man riding an elephant through a river [SEP]
A man riding an elephant in a river.,a man riding an elephant through a river [SEP]
A man in a brown shirt rides an elephant into the water.,a man riding an elephant through a river [SEP]
A man rides an elephant into a river.,a man riding an elephant through a river [SEP]
a couple of women  are in a kitchen,a woman standing in a kitchen [SEP]
Two people standing in the kitchen of a home.,a woman standing in a kitchen [SEP]
A group of people who are around a kitchen counter.,a woman standing in a kitchen [SEP]
A group of people prepare dinner in the kitchen.,a woman standing in a kitchen [SEP]
two women in a kitchen bottles and lights,a woman standing in a kitchen [SEP]
The woman in the kitchen is holding a huge pan.,a woman in a kitchen [SEP]
A chef carrying a large pan inside of a kitchen.,a woman in a kitchen [SEP]
A woman is holding a large pan in a kitchen. ,a woman in a kitchen [SEP]
A woman cooking in a kitchen with granite counters.,a woman in a kitchen [SEP]
A woman cooking in her kitchen with a black pan.,a woman in a kitchen [SEP]
A baby is laying down with a teddy bear.,a baby laying in a bed with a teddy bear [SEP]
A baby laying in a crib with a stuffed teddy bear.,a baby laying in a bed with a teddy bear [SEP]
"A baby wearing gloves, lying next to a teddy bear",a baby laying in a bed with a teddy bear [SEP]
A baby stares to the left while taking a picture with a teddy bear lays beside it .,a baby laying in a bed with a teddy bear [SEP]
A baby lies on blue and green bedding next to a teddy bear.,a baby laying in a bed with a teddy bear [SEP]
"Two bikers, one in front of a building, the other in the city.",a man riding a bike [SEP]
Two shots of men riding bicycles down city streets.,a man riding a bike [SEP]
A man riding a bike in front of a tall building.,a man riding a bike [SEP]
There are two different people riding bikes down the street.,a man riding a bike [SEP]
Two photos of a person riding a bicycle on the side of the road.,a man riding a bike [SEP]
People riding bicycles down the road approaching a bird.,a group of people riding bikes down a street [SEP]
three bicycle riders some trees and a pigeon,a group of people riding bikes down a street [SEP]
A geoup of people on bicycles coming down a street.,a group of people riding bikes down a street [SEP]
Several smiling bicycle riders approaching a colorful pigeon.,a group of people riding bikes down a street [SEP]
A pigeon greets three bicyclists on a park path,a group of people riding bikes down a street [SEP]
A little girl holding a kitten next to a blue fence.,a young girl holding a cat [SEP]
Girl in a tank top holding a kitten in her back yard,a young girl holding a cat [SEP]
A young girl is holding a small cat.,a young girl holding a cat [SEP]
Girl with a yellow shirt holding a small cat,a young girl holding a cat [SEP]
A girl smiles as she holds a kitty cat.,a young girl holding a cat [SEP]
A toilet and a sink in small bathroom.,"a bathroom with a toilet, sink and mirror [SEP]"
a bathroom with just a toliet and a sink in it,"a bathroom with a toilet, sink and mirror [SEP]"
A small section of a bathroom with dim lighting.,"a bathroom with a toilet, sink and mirror [SEP]"
"a bathroom with a toilet, sink, cabinet and mirror","a bathroom with a toilet, sink and mirror [SEP]"
The bathroom has been cleaned and is ready to use. ,"a bathroom with a toilet, sink and mirror [SEP]"
A bicycle store shows two males leaning toward a bike.,a man working on a bike in a garage [SEP]
A man adjust a bicycle in a bike shop with a child.,a man working on a bike in a garage [SEP]
The bike shop employee is helping a customer. ,a man working on a bike in a garage [SEP]
A man and a boy are talking about a bicycle in a store.,a man working on a bike in a garage [SEP]
Two people in a shop looking at a bike.,a man working on a bike in a garage [SEP]
A shower stall with interesting tile is the focal point.,a bathroom with a sink and a mirror [SEP]
"A full perspective of a washroom with a sink. 
",a bathroom with a sink and a mirror [SEP]
A white bathroom sink sitting under a mirror.,a bathroom with a sink and a mirror [SEP]
I picture of a bathroom with a stand up shower stall and a person's reflection in the mirror.,a bathroom with a sink and a mirror [SEP]
A small shower behind a small bathroom sink.,a bathroom with a sink and a mirror [SEP]
A view of a very large bathroom with mirrored walls.,a bathroom with a large mirror and a sink [SEP]
a corner bathroom with two sinks and a bathtub,a bathroom with a large mirror and a sink [SEP]
"A bathroom with a sink, shower and bathtub.",a bathroom with a large mirror and a sink [SEP]
"A large bathroom with cabinets, mirrors and a tub.",a bathroom with a large mirror and a sink [SEP]
"This bathroom has mirrors on the doors, cabinets, and a bathtub in the corner.",a bathroom with a large mirror and a sink [SEP]
a long beige bathroom with a door to a bedroom and another to the hallway,a bathroom with a sink and a mirror [SEP]
A view of a bathroom with double sinks and carpeted floor.,a bathroom with a sink and a mirror [SEP]
white vanity that opens up to a bathroom with shower,a bathroom with a sink and a mirror [SEP]
a hallway with diamond patterned walls leading to a bathroom and a bedroom,a bathroom with a sink and a mirror [SEP]
A bathroom with a large sink and mirror opens onto a room with the toilet and bathtub.,a bathroom with a sink and a mirror [SEP]
The view of a large bathroom with a walk in closet.,a bathroom with a sink and a mirror [SEP]
A bathroom with a walk-in closet and a jacuzzi tub.,a bathroom with a sink and a mirror [SEP]
A white and beige tiled bathroom and adjoining walk-in closet.,a bathroom with a sink and a mirror [SEP]
White tiled bathroom with a vanity tub and white flowers.,a bathroom with a sink and a mirror [SEP]
Long shot of a bathroom includes closet and tub.,a bathroom with a sink and a mirror [SEP]
A white toilet sitting next to a green wall under a picture.,a toilet with a green wall and a picture of a plant [SEP]
The letter A framed in a green bathroom.,a toilet with a green wall and a picture of a plant [SEP]
There is a potted plant on the back of a toilet,a toilet with a green wall and a picture of a plant [SEP]
A white toilet and some tissue in a room.,a toilet with a green wall and a picture of a plant [SEP]
A commode with a plant on it under a picture on the wall.,a toilet with a green wall and a picture of a plant [SEP]
A bathroom with an enclosed shower next to a sink and a toilet.,"a bathroom with a toilet, sink, and shower [SEP]"
"A clean, spacious bathroom with a large shower stall.","a bathroom with a toilet, sink, and shower [SEP]"
"There are a toilet, a sink, and a shower stall in a large bathroom.","a bathroom with a toilet, sink, and shower [SEP]"
"A bathroom featuring a walk in shower, mirror, sink and toilet.","a bathroom with a toilet, sink, and shower [SEP]"
"Bathroom with a shower, sink, and toilet in it. ","a bathroom with a toilet, sink, and shower [SEP]"
people on bicycles ride down a busy street ,a man riding a bike [SEP]
A group of people are riding bikes down the street in a bike lane,a man riding a bike [SEP]
bike riders passing Burger King in city street,a man riding a bike [SEP]
A group of bicyclists are riding in the bike lane.,a man riding a bike [SEP]
"Bicyclists on a city street, most not using the bike lane",a man riding a bike [SEP]
This is an image of the inside of a nice bathroom.,"a bathroom with a toilet, sink, and mirror [SEP]"
A white toilet next to a walk in shower and a sink.,"a bathroom with a toilet, sink, and mirror [SEP]"
A potted plant is being displayed in a bathroom.,"a bathroom with a toilet, sink, and mirror [SEP]"
A tiled bathroom with a potted plant as a center piece.,"a bathroom with a toilet, sink, and mirror [SEP]"
Interior bathroom scene with modern furnishings including a plant.,"a bathroom with a toilet, sink, and mirror [SEP]"
Two dogs are looking up while they stand near the toilet in the bathroom.,two dogs standing next to a toilet in a bathroom [SEP]
Two small dogs standing in a restroom next to a toilet.,two dogs standing next to a toilet in a bathroom [SEP]
Two dogs looking up at a camera in a bathroom.,two dogs standing next to a toilet in a bathroom [SEP]
Two small lap dogs in a small bathroom.,two dogs standing next to a toilet in a bathroom [SEP]
Two small dogs stand together in a bathroom.,two dogs standing next to a toilet in a bathroom [SEP]
A bathroom with a walk in shower currently under repair.,a bathroom with a toilet and a shower [SEP]
A photograph of a bathroom undergoing major renovations.,a bathroom with a toilet and a shower [SEP]
Interior shot of bathroom in the process of remodeling.,a bathroom with a toilet and a shower [SEP]
Picture of bathroom being remolded where sink has not been installed. ,a bathroom with a toilet and a shower [SEP]
A room under construction with an unfinished shower and plumbing for the sink.,a bathroom with a toilet and a shower [SEP]
The bathroom is clean for the guests to use. ,a bathroom with a sink and a mirror [SEP]
A bath and a sink in a room.,a bathroom with a sink and a mirror [SEP]
"A bathroom area with tub, sink and standup shower.",a bathroom with a sink and a mirror [SEP]
a view of a bathroom which is covered in tiles.,a bathroom with a sink and a mirror [SEP]
A kitchen is shown with a tub and a sink.,a bathroom with a sink and a mirror [SEP]
A white bath tub sitting next to a bathroom sink.,a bathroom with a sink and a bathtub [SEP]
There is a bathtub and a counter in a bathroom.,a bathroom with a sink and a bathtub [SEP]
A bathroom with a tub and shower and a sink.,a bathroom with a sink and a bathtub [SEP]
This is a shower and bathtub without a shower curtain. ,a bathroom with a sink and a bathtub [SEP]
A bathroom that has a mirror and a bathtub.,a bathroom with a sink and a bathtub [SEP]
A full view of a shower with glass.,a shower with a glass door [SEP]
A walk in shower with a hand held shower head.,a shower with a glass door [SEP]
A bathroom shower stall with a shower head.,a shower with a glass door [SEP]
a glass walled shower in a home bathroom,a shower with a glass door [SEP]
a see through glass shower in a bathroom ,a shower with a glass door [SEP]
A toilet sitting in a bathroom next to a sink.,a bathroom with a toilet and a green wall [SEP]
A toilet in a bathroom with green faded paint.,a bathroom with a toilet and a green wall [SEP]
A bathroom with a gouged wall and wall socket with no panel. ,a bathroom with a toilet and a green wall [SEP]
The toilet is near the door in the bathroom.,a bathroom with a toilet and a green wall [SEP]
The bathroom wall needs to be resurfaced and painted.,a bathroom with a toilet and a green wall [SEP]
Blue dust pan and brush on floor next to white commode.,a toilet in a bathroom with a blue brush [SEP]
A toilet in a low budget bathroom with a rough floor.,a toilet in a bathroom with a blue brush [SEP]
a close up of a toilet and a dust pale,a toilet in a bathroom with a blue brush [SEP]
A clean toilet in a bathroom with a cement floor.,a toilet in a bathroom with a blue brush [SEP]
a bathroom with a blue dustpan and broom on the floor ,a toilet in a bathroom with a blue brush [SEP]
A bathroom with a sink and toilet and a window.,a bathroom with a sink and a toilet [SEP]
A white bathroom with white fixtures and tile floor,a bathroom with a sink and a toilet [SEP]
A small white toilet sitting next to a sink.,a bathroom with a sink and a toilet [SEP]
"Small bathroom with a toilet, shower, and small mirror. ",a bathroom with a sink and a toilet [SEP]
A bathroom contains a toilet and a sink.,a bathroom with a sink and a toilet [SEP]
There are two sinks next to two mirrors.,a kitchen with a sink and a sink [SEP]
Two very metallic sinks are shown as well as the mirrors above them.,a kitchen with a sink and a sink [SEP]
A room with stainless steel equipment including sinks and mirrors.,a kitchen with a sink and a sink [SEP]
Two stainless steel sinks with mirrors and a fire extinguisher. ,a kitchen with a sink and a sink [SEP]
A photo of a bathroom made of steel.,a kitchen with a sink and a sink [SEP]
A large porcelain toilet posed with a tan flower pot. ,a toilet sitting on the side of a road [SEP]
A toilet is sitting on the ground next to a plant.,a toilet sitting on the side of a road [SEP]
A toliet sitting on a curb in front of a house.,a toilet sitting on the side of a road [SEP]
A white toilet sits on the front lawn.,a toilet sitting on the side of a road [SEP]
A white toilet sitting on a sidewalk outside.,a toilet sitting on the side of a road [SEP]
a gray bicycle is locked to some metal doors,a bicycle parked against a green door [SEP]
A bike that is padlocked to a wall.,a bicycle parked against a green door [SEP]
"The bicycle is locked on the green, metal wall. ",a bicycle parked against a green door [SEP]
A bike chained to the doors of a building ,a bicycle parked against a green door [SEP]
A bike is locked and hanging from a door.,a bicycle parked against a green door [SEP]
A woman rides a bicycle on a road next to the median.,a woman riding a bike down a street [SEP]
A girl is riding her bike down the street.,a woman riding a bike down a street [SEP]
A lady riding her bicycle on the side of a street.,a woman riding a bike down a street [SEP]
A person on a bike riding on a street.,a woman riding a bike down a street [SEP]
A woman riding a bike down a street next to a divider.,a woman riding a bike down a street [SEP]
"A man takes a picture in the bathroom mirror
",a bathroom with a washer and a mirror [SEP]
a person taking a photo in a mirror ,a bathroom with a washer and a mirror [SEP]
A man taking a picture of a bathroom.,a bathroom with a washer and a mirror [SEP]
A bathroom sink sitting under a bathroom mirror.,a bathroom with a washer and a mirror [SEP]
A man takes a picture of his reflection in a mirror. ,a bathroom with a washer and a mirror [SEP]
A bathroom with a white toilet sitting next to a bathroom sink.,a bathroom with a toilet and a sink [SEP]
A bathroom vanity and toilet in a public restroom.,a bathroom with a toilet and a sink [SEP]
"A view of a bathroom shows a toilet, sink and mirror.",a bathroom with a toilet and a sink [SEP]
A modern looking bathroom has a toilet and a sink. ,a bathroom with a toilet and a sink [SEP]
This bathroom has brown counter tops and a white toilet,a bathroom with a toilet and a sink [SEP]
A bathroom with two sinks and a shower.,a bathroom with two sinks and a mirror [SEP]
a big bathroom that has some sinks in it,a bathroom with two sinks and a mirror [SEP]
Bathroom vanity with double sinks and large mirrors.,a bathroom with two sinks and a mirror [SEP]
A bathroom with sinks mirrors and tile flooring.,a bathroom with two sinks and a mirror [SEP]
A bathroom that has two sinks next to each other.,a bathroom with two sinks and a mirror [SEP]
The bathroom is clean and ready to be used. ,a bathroom with a toilet and a mirror [SEP]
a small bathroom with a sink and a toilet.,a bathroom with a toilet and a mirror [SEP]
"A toilet, sink and mirror in the bathroom",a bathroom with a toilet and a mirror [SEP]
Doorway view into bathroom with a sink and toilet.,a bathroom with a toilet and a mirror [SEP]
A white toilet sitting next to a sink.,a bathroom with a toilet and a mirror [SEP]
A bath tub sitting next to a sink in a bathroom.,"a bathroom with a tub, sink, and toilet [SEP]"
The bathroom is clean and ready for us to use.,"a bathroom with a tub, sink, and toilet [SEP]"
a bath tub sitting next to a sink ,"a bathroom with a tub, sink, and toilet [SEP]"
A bathroom that has a shower curtain over a bathtub.,"a bathroom with a tub, sink, and toilet [SEP]"
"A bathroom with multicolored tile, bathtub and pedestal sink.","a bathroom with a tub, sink, and toilet [SEP]"
an image of a cars driving on the highway,a busy street [SEP]
A section of traffic coming to a stop at an intersection.,a busy street [SEP]
A bunch of cars sit at the intersection of a street.,a busy street [SEP]
This is a picture of traffic on a very busy street.,a busy street [SEP]
A busy intersection filled with cars in asia,a busy street [SEP]
This shot is of a crowded highway full of traffic,a busy street [SEP]
there are many taxi cabs on the road,a busy street [SEP]
A city street with lots of traffic and lined with buildings.,a busy street [SEP]
Heavy city traffic all going in one direction,a busy street [SEP]
Many cars stuck in traffic on a high way,a busy street [SEP]
Mirror view of a bathroom with a sink and tub.,a bathroom with a sink and a mirror [SEP]
mirror reflection of sink and the tub next to it.,a bathroom with a sink and a mirror [SEP]
A bathroom mirror has the reflection of the sink and bathtub.,a bathroom with a sink and a mirror [SEP]
The bathroom is very small with white fixtures. ,a bathroom with a sink and a mirror [SEP]
A sink is shown in a small bathroom,a bathroom with a sink and a mirror [SEP]
A city street filled with traffic and parking lights.,a street with cars and a traffic light [SEP]
A full view of a late evening with many cars parked on the street.,a street with cars and a traffic light [SEP]
A very dark street with cars and many wires above.,a street with cars and a traffic light [SEP]
A car's break lights glow as it waits at a red-light at an intersection.,a street with cars and a traffic light [SEP]
"A street scene with cars, street signs, and many high wires.",a street with cars and a traffic light [SEP]
A white toilet and a sink in a room.,"a bathroom with a toilet, sink, and shower [SEP]"
White bathroom area with a blue and white shower curtain. ,"a bathroom with a toilet, sink, and shower [SEP]"
Small bathroom area with a blue and white shower curtain hanging. ,"a bathroom with a toilet, sink, and shower [SEP]"
A bath tub shower sitting next to a toilet.,"a bathroom with a toilet, sink, and shower [SEP]"
A toilet with a sink and the door opened,"a bathroom with a toilet, sink, and shower [SEP]"
a small white bathroom with a curtain for the shower,"a bathroom with a toilet, sink, and shower [SEP]"
A bathroom sink shapped like a glass bowl.,a bathroom mirror [SEP]
A man that is standing with a mug in front of a mirror.,a bathroom mirror [SEP]
a man  taking a picture of himself in a bathroom mirror,a bathroom mirror [SEP]
A man standing in a bathroom taking a picture of his self in the mirror with his cell phone,a bathroom mirror [SEP]
a man taking a selfie in a little bathroom mirror ,a bathroom mirror [SEP]
"A door opens to a bare, white bathroom. ","a bathroom with a toilet, sink, and shower [SEP]"
A varying palette of neutrals in a bathroom awaits the softening of the cabinetry.,"a bathroom with a toilet, sink, and shower [SEP]"
"A bathroom with a tile floor, bathtub and shower and no shower curtain.","a bathroom with a toilet, sink, and shower [SEP]"
A bathroom is shown with a shower and a toilet.,"a bathroom with a toilet, sink, and shower [SEP]"
A beige and white three piece bathroom with no shower curtain.,"a bathroom with a toilet, sink, and shower [SEP]"
A row of parked cars sitting next to parking meters.,a parking meter on a pole [SEP]
A row of cars parked on a street with parking meters.,a parking meter on a pole [SEP]
A series of parking meters and cars are located next to each other. ,a parking meter on a pole [SEP]
A parking meter on a street by a car with traffic.,a parking meter on a pole [SEP]
A parking meter on a street with cars,a parking meter on a pole [SEP]
"An elegant bathroom features a tub, sink, mirror, and decorations. ",a bathroom with a claw claw claw claw claw claw claw claw claw claw claw claw claw claw claw claw claw [SEP]
An old fashion above ground tub is shown with gold feet.,a bathroom with a claw claw claw claw claw claw claw claw claw claw claw claw claw claw claw claw claw [SEP]
"A lovely, vintage-styled bathroom with a great claw-footed tub. ",a bathroom with a claw claw claw claw claw claw claw claw claw claw claw claw claw claw claw claw claw [SEP]
Bathroom with a pedestal sink and claw foot bathtub,a bathroom with a claw claw claw claw claw claw claw claw claw claw claw claw claw claw claw claw claw [SEP]
A claw foot tub is in a large bathroom near a pedestal sink.,a bathroom with a claw claw claw claw claw claw claw claw claw claw claw claw claw claw claw claw claw [SEP]
A clean bathroom is seen in this image.,a bathroom with a wooden shelf and a toilet [SEP]
A bathroom with a white toilet and large shelf full of stuff.,a bathroom with a wooden shelf and a toilet [SEP]
"some shelves filled with a bunch of different items in the bathroom
",a bathroom with a wooden shelf and a toilet [SEP]
A shelving unit is between a toilet and a bathroom sink. ,a bathroom with a wooden shelf and a toilet [SEP]
"A shelf with hygiene products in a bathroom.
",a bathroom with a wooden shelf and a toilet [SEP]
A bathroom sink sitting under a large mirror.,a bathroom with a sink and mirror [SEP]
A bathroom with a vanity cabinet on the wrong wall,a bathroom with a sink and mirror [SEP]
A small beige bathroom with an additional medicine cabinet.,a bathroom with a sink and mirror [SEP]
A bathroom sink with a mirror and medicine cabinet.,a bathroom with a sink and mirror [SEP]
THERE IS A BATHROOM WITH A SINK AND A MIRROR,a bathroom with a sink and mirror [SEP]
A white urinal mounted to a bathroom wall.,a url in a bathroom [SEP]
A pair of kitchen tongs on top of a urinal.,a url in a bathroom [SEP]
Bathroom urinal with kitchen tongs on top behind plumbing.,a url in a bathroom [SEP]
A urinal in a bathroom with tongs on top of it.,a url in a bathroom [SEP]
a metal thing is sitting on top of a urinal,a url in a bathroom [SEP]
A glazed donut hanging from a metal rod.,a donut with a donut on it's side [SEP]
A tasty looking treat hanging on a car antenna.,a donut with a donut on it's side [SEP]
A donut on the antenna of a car.,a donut with a donut on it's side [SEP]
A donut put around an antenna on a car ,a donut with a donut on it's side [SEP]
There is a donut sitting on the car.,a donut with a donut on it's side [SEP]
An orange striped tabby cat laying on top of a red vehicle's wheel.,a cat is laying on the tire of a car [SEP]
a cat with a big fluffy tail sitting on top of a car tire ,a cat is laying on the tire of a car [SEP]
A cat sitting on a wheel of a vehicle.,a cat is laying on the tire of a car [SEP]
A cat hiding in a fender well of a car. ,a cat is laying on the tire of a car [SEP]
An orange cat hiding on the wheel of a red car.,a cat is laying on the tire of a car [SEP]
A large jetliner flying over a traffic filled street.,a plane is flying over a busy street [SEP]
An airplane flies low in the sky over a city street. ,a plane is flying over a busy street [SEP]
An airplane flies over a street with many cars.,a plane is flying over a busy street [SEP]
An airplane comes in to land over a road full of cars,a plane is flying over a busy street [SEP]
The plane is flying over top of the cars,a plane is flying over a busy street [SEP]
A silver and red bus in parking lot next to cars.,a bus parked in a parking [SEP]
A silver bus that is parked in a lot.,a bus parked in a parking [SEP]
An older picture of a bus and other vehicles in a parking lot. ,a bus parked in a parking [SEP]
An old bus parks in a parking lot with other cars and bus.,a bus parked in a parking [SEP]
An older silver metro bus in a parking lot.,a bus parked in a parking [SEP]
A red helmet is on a yellow toilet in the dirt.,a yellow toilet [SEP]
A yellow toilet with a red helmet on top of it.,a yellow toilet [SEP]
A yellow toilet with a red helmet above it.,a yellow toilet [SEP]
A toilet sitting in an outdoor area with a helmet resting on top of it.,a yellow toilet [SEP]
An old toilet sits in dirt with a helmet on top.,a yellow toilet [SEP]
a little kid riding a skateboard at a park,a young boy riding a skateboard down a street [SEP]
A child playing on a skateboard in a park.,a young boy riding a skateboard down a street [SEP]
A girl stepping onto a skateboard in the playground,a young boy riding a skateboard down a street [SEP]
A young lady riding a skateboard across a street.,a young boy riding a skateboard down a street [SEP]
The kid is skateboarding on the street while wearing a jacket.,a young boy riding a skateboard down a street [SEP]
A young man wearing black attire and a flowered tie is standing and smiling.,a man in a black shirt and tie with a green tie [SEP]
A man with glasses and his eyes closed dressed in a black shirt and a necktie.,a man in a black shirt and tie with a green tie [SEP]
A man in a green tie with his eyes closed.,a man in a black shirt and tie with a green tie [SEP]
Smiling man wearing black shirt and pale green tie.,a man in a black shirt and tie with a green tie [SEP]
A person that is dressed up very nicely.,a man in a black shirt and tie with a green tie [SEP]
A car with some surfboards in a field.,a blue car [SEP]
The old fashioned car is carrying some retro surfboards.,a blue car [SEP]
An old car with surfboards on the top.,a blue car [SEP]
An old vehicle painted light blue and dark blue.,a blue car [SEP]
An old station wagon with a surfboard on top of it.,a blue car [SEP]
A person on a street next to a motor bike.,a motorcycle parked on the side of the road [SEP]
A cop standing next to a police bike next to a man sitting on a  curb.,a motorcycle parked on the side of the road [SEP]
A man sits on the sidewalk next to a police motorcycle with a police officer in the background.,a motorcycle parked on the side of the road [SEP]
A man that is sitting down next to a cops motorcycle.,a motorcycle parked on the side of the road [SEP]
A man is sitting on the sidewalk while a police officer is doing something behind him.,a motorcycle parked on the side of the road [SEP]
A man looking down with a backpack on in a house.,a man standing in a room with a dog [SEP]
THERE IS A MAN WITH BOOK BAG ON HIS BAG ,a man standing in a room with a dog [SEP]
a person standing in a stone walled and floored room wearing a backpack ,a man standing in a room with a dog [SEP]
A guy standing in a very dark room with a small window.,a man standing in a room with a dog [SEP]
A man in a stone room possibly using the bathroom,a man standing in a room with a dog [SEP]
A cat on the lid of a toilet looking perturbed.,a cat is sitting on a toilet bowl [SEP]
A blurry picture of a cat standing on a toilet.,a cat is sitting on a toilet bowl [SEP]
A cat standing on the toilet bowl seat,a cat is sitting on a toilet bowl [SEP]
A cat is perched on the top of a toilet seat in the bathroom.,a cat is sitting on a toilet bowl [SEP]
A cat standing on a toilet with an open lid.,a cat is sitting on a toilet bowl [SEP]
A toilet sitting in a bathroom next to a mirror.,a bathroom with a toilet and a sink [SEP]
A small bathroom with the toilet seat up.,a bathroom with a toilet and a sink [SEP]
The toilet seat was left in the up position.,a bathroom with a toilet and a sink [SEP]
A door open revealing a small bathroom with sink and toilet.,a bathroom with a toilet and a sink [SEP]
A toilet and a sink in a small bathroom.,a bathroom with a toilet and a sink [SEP]
"Bathroom with white fixtures, tiles and corner shower.",a bathroom with a toilet and a shower stall [SEP]
A white toilet sitting in a bathroom next to a shower.,a bathroom with a toilet and a shower stall [SEP]
Bathroom shot of non transparent shower glass and toilet.,a bathroom with a toilet and a shower stall [SEP]
"An all white bathroom with a shower, toilet and sink.",a bathroom with a toilet and a shower stall [SEP]
"A plain white bathroom with a sink, shower, and toilet.",a bathroom with a toilet and a shower stall [SEP]
An older building with birds flying near it.,a clock tower is seen through a window [SEP]
A church with a high spire and decorative roof tiles.,a clock tower is seen through a window [SEP]
A large clock tower towering over a small city.,a clock tower is seen through a window [SEP]
Picture of a church and its tall steeple.,a clock tower is seen through a window [SEP]
Birds fly around a tall building with a clock.,a clock tower is seen through a window [SEP]
a motorcycle in a driveway with a vanity license plate ,a motorcycle parked on the side of a road [SEP]
Two luxurious motor bikes on the road near a hedge.,a motorcycle parked on the side of a road [SEP]
a close up of a motorcycle license plate,a motorcycle parked on the side of a road [SEP]
A motor bike parked on the side of the road.,a motorcycle parked on the side of a road [SEP]
"The back of a motorcycle showing the wheel, license plate and lights. ",a motorcycle parked on the side of a road [SEP]
A picture of a wooden container with crosses on it.,a wooden box with a cross on it [SEP]
a close up of wood decorated with crosses,a wooden box with a cross on it [SEP]
close up of a wooden base with crosses designed on the neck,a wooden box with a cross on it [SEP]
A close up shut off some sort of religious object. ,a wooden box with a cross on it [SEP]
A shiny wooden object is decorated with crosses.,a wooden box with a cross on it [SEP]
There is a man picking bananas next to a street.,a man picking bananas [SEP]
A man standing over several bunches of green bananas.,a man picking bananas [SEP]
A man attending to several bundles of banana's as a motorcycle rides by.,a man picking bananas [SEP]
A guy grabbing a stack of bananas from a pile on the side of the road.,a man picking bananas [SEP]
A man standing over some bundles of bananas,a man picking bananas [SEP]
A restroom has a toilet and a decorative sun wall plaque.,a bathroom with a toilet and a sun shaped wall [SEP]
A picture of a very nice and white toilet.,a bathroom with a toilet and a sun shaped wall [SEP]
A bathroom with a white toilet in the middle of the wall and a sun wall decor above it.,a bathroom with a toilet and a sun shaped wall [SEP]
A bath room with a sun decoration above the toilet,a bathroom with a toilet and a sun shaped wall [SEP]
A bathroom has a sun decal on the wall.,a bathroom with a toilet and a sun shaped wall [SEP]
some horses grazing in front of a church,a large tree [SEP]
Three horses on a green pasture with an old building in the background.,a large tree [SEP]
A filed with brown horses standing next to a church.,a large tree [SEP]
Three horses are grazing in a field in front of an old church.,a large tree [SEP]
horses eating grass in a field with trees in the background,a large tree [SEP]
A horse drawn carriage is parked along the curb.,a horse drawn carriage [SEP]
A horse drawn carriage is in front of an old large building.,a horse drawn carriage [SEP]
A pair of horses carrying a carriage that is parked by a street.,a horse drawn carriage [SEP]
A horse drawn carriage parked on the street.,a horse drawn carriage [SEP]
People walking pass a horse drawn carriage sitting at the curb,a horse drawn carriage [SEP]
a toilet on the ground outdoors in front of a house,a toilet on the ground [SEP]
A toilet sitting in the middle of the road beside a home. ,a toilet on the ground [SEP]
"A toilet on the pavement in front of a house, the tank lid lying discarded.",a toilet on the ground [SEP]
An old looking toilet sitting out on the side walk.,a toilet on the ground [SEP]
A toilet sitting in front of someones house. ,a toilet on the ground [SEP]
The shiny motorcycle is being shown on a display.,a motorcycle on display [SEP]
A motor bike parked inside of a building.,a motorcycle on display [SEP]
A parked motorcycle sitting next to a crowd.,a motorcycle on display [SEP]
White motorcycle on display inside a building with people looking on. ,a motorcycle on display [SEP]
A motorcycle sits displayed in a large shopping area.,a motorcycle on display [SEP]
Horses graze in front of a large building amid snow.,a couple of horses grazing in a field [SEP]
Several horses eating grass around melting a snow spot,a couple of horses grazing in a field [SEP]
some horses eating grass by a big house,a couple of horses grazing in a field [SEP]
Horses grazing in a field by a large home.,a couple of horses grazing in a field [SEP]
A couple of horses grazing in front of an estate.,a couple of horses grazing in a field [SEP]
A large clock tower with a wind indicator on top.,a clock tower on a building with a clock on top [SEP]
A very tall clock tower towering over a city.,a clock tower on a building with a clock on top [SEP]
A clock tower has a weather vane on top of it.,a clock tower on a building with a clock on top [SEP]
Blue and orange stone clock tower with a small clock.,a clock tower on a building with a clock on top [SEP]
A large clock tower in front of a clear sky,a clock tower on a building with a clock on top [SEP]
A woman is riding a motorcycle down the street.,a man riding a motorcycle down a street [SEP]
A woman on a motorcycle wearing a bag and passing a car. ,a man riding a motorcycle down a street [SEP]
A woman on a motor cycle on a city street,a man riding a motorcycle down a street [SEP]
A woman on a motorcycle in the middle of the street.,a man riding a motorcycle down a street [SEP]
A woman sits on her motorcycle in the street.,a man riding a motorcycle down a street [SEP]
A motorcycle sitting on the side of a street corner.,a motorcycle parked on the side of the road [SEP]
Black motorcycle parked on the side of a busy street. ,a motorcycle parked on the side of the road [SEP]
A motorcycle is sitting outside on the street near a tree.,a motorcycle parked on the side of the road [SEP]
a black motorcycle is parked on a sidewalk,a motorcycle parked on the side of the road [SEP]
An unattended motorcycle parked along a curb on roadway.,a motorcycle parked on the side of the road [SEP]
A small white toilet sitting next to a metal trash can.,a white toilet [SEP]
A compact toilet and shower of a small bathroom,a white toilet [SEP]
A close up shot of a white toilet and waste bin.,a white toilet [SEP]
A small white toilette with the lid closed has a metal trash can on one side and a shower stall on the other.,a white toilet [SEP]
a toilet bowl and a trash can in a bathroom,a white toilet [SEP]
A purple motorcycle parked in front of a red brick building.,a blue motorcycle [SEP]
A motorcycle that is parked in front of a brick building.,a blue motorcycle [SEP]
A sport motorbike parked on a pavement close to a building,a blue motorcycle [SEP]
A blur motorcycle against a red brick wall.,a blue motorcycle [SEP]
A motor bike parked on the side of the street.,a blue motorcycle [SEP]
A few people working on various computers in an office.,a man sitting at a desk with a laptop [SEP]
A man works on a laptop placed on a table in a busy office.,a man sitting at a desk with a laptop [SEP]
A man is working on a laptop computer at a desk.,a man sitting at a desk with a laptop [SEP]
A man in blue works on a laptop computer.,a man sitting at a desk with a laptop [SEP]
A man sitting in front of a laptop computer.,a man sitting at a desk with a laptop [SEP]
Black and white photograph of two men on motorcycles.,a man riding a motorcycle [SEP]
Two people riding a motorcycle with hats and backpack down a street.,a man riding a motorcycle [SEP]
Two men are at an intersection on motorcycles.,a man riding a motorcycle [SEP]
The man are driving side by side on their motorcycles. ,a man riding a motorcycle [SEP]
Two men on motorcycles at a stop light,a man riding a motorcycle [SEP]
Two blue bowls of food next to a bottle of cinnamon and sugar.,a bowl of oats and a bottle of milk [SEP]
this is an image of cereal and milk,a bowl of oats and a bottle of milk [SEP]
A desert of bananas and cinnamon in two blue bowls.,a bowl of oats and a bottle of milk [SEP]
A blue bowl holding mashed bananas and oatmeal with a bottle of sugar and cinnamon sitting beside it.,a bowl of oats and a bottle of milk [SEP]
A bowl of oatmeal is ready to eat with some cinnamon and sugar.,a bowl of oats and a bottle of milk [SEP]
Rows of motor bikes and helmets in a city,a row of motorcycles [SEP]
A lot of motorbikes line up down a busy street.,a row of motorcycles [SEP]
Large set of motorcycles all lined up down a street.,a row of motorcycles [SEP]
A large group of motorcycles lined up on the street.,a row of motorcycles [SEP]
A series of motorbikes parked in a row on a street,a row of motorcycles [SEP]
Two rows of various makes of parked motorcycles.,a bunch of motorcycles parked on a street [SEP]
a bunch of motorcycles are parked tightly together,a bunch of motorcycles parked on a street [SEP]
Rows and columns of motorcycles in middle of street.,a bunch of motorcycles parked on a street [SEP]
A bunch of motorcycles that are grouped together.,a bunch of motorcycles parked on a street [SEP]
Motorcycles are lined up outside along the street. ,a bunch of motorcycles parked on a street [SEP]
A row of motorcycles parked in front of a building.,a street with motorcycles parked on it [SEP]
A bunch of motorcycles parked on the side of the road,a street with motorcycles parked on it [SEP]
a back ally neighborhood with motor bikes in a row,a street with motorcycles parked on it [SEP]
A number of motorbikes parked on an alley,a street with motorcycles parked on it [SEP]
a bunch of motorcycles parked along the side of the street ,a street with motorcycles parked on it [SEP]
A row of motorcycles parked next to each other on a lush green field.,a row of motorcycles [SEP]
Several motorcycles parked beneath trees in a park.,a row of motorcycles [SEP]
THERE ARE A LOT OF MOTOR BIKES ON THE GRASS,a row of motorcycles [SEP]
a line of parked motorcycles on some grass and trees,a row of motorcycles [SEP]
A bunch of motorcycles line up near trees.,a row of motorcycles [SEP]
Two people on mopeds passing in front of a building.,a man riding a motorcycle [SEP]
two people riding scooter on a city street,a man riding a motorcycle [SEP]
People on mopeds in front of a building.,a man riding a motorcycle [SEP]
People riding motorcycles in front of a building,a man riding a motorcycle [SEP]
an image of a boy on his bike riding past a building,a man riding a motorcycle [SEP]
Office space with office equipment on desk top.,a desk with a laptop and a monitor [SEP]
A hope office setup of computers and printers.,a desk with a laptop and a monitor [SEP]
"a home office with laptop, printer, scanner, and extra monitor",a desk with a laptop and a monitor [SEP]
The computer desk in the corner is by a window.,a desk with a laptop and a monitor [SEP]
"A laptop, monitor, printer and tablet on a desk.",a desk with a laptop and a monitor [SEP]
A computer that is on a desk near a window.,a desk with a laptop and a phone [SEP]
An office desk in front of a large window overlooking a parking lot,a desk with a laptop and a phone [SEP]
this is a desk with a computer on it,a desk with a laptop and a phone [SEP]
A corner desk with a laptop and other office equipment,a desk with a laptop and a phone [SEP]
"A office desk,  with a view of a parking lot. ",a desk with a laptop and a phone [SEP]
A close-up of a one-way street with many cars and motorcycles.,a busy street filled with cars and motorcycles [SEP]
Straight ahead view of several lanes of traffic heading this way,a busy street filled with cars and motorcycles [SEP]
"Cars, motorized scooters, and other vehicles stopped on a busy road.",a busy street filled with cars and motorcycles [SEP]
"Bikers on bikes in front of a lot of traffic
",a busy street filled with cars and motorcycles [SEP]
a group of motorcycle riders stopped in traffic next to cars,a busy street filled with cars and motorcycles [SEP]
this living room has a small tv and a lamp next to it,a living room with a flat screen tv [SEP]
A big screen television is sitting on a stand in a room.,a living room with a flat screen tv [SEP]
A large television and table in a room.,a living room with a flat screen tv [SEP]
Living room with flat screen TV and surround sound.,a living room with a flat screen tv [SEP]
A flat screen television in a room with yellow walls.,a living room with a flat screen tv [SEP]
A group of men riding motorcycle down a country road.,a group of people riding motorcycles down a street [SEP]
a street with some motorcycles driving through it,a group of people riding motorcycles down a street [SEP]
A white car driving down the highway with three motorcycles.,a group of people riding motorcycles down a street [SEP]
Three motorcycles are driving swiftly behind a white car.,a group of people riding motorcycles down a street [SEP]
a blurry image of motorcycles and a car driving along a highway,a group of people riding motorcycles down a street [SEP]
This is a case full of yellow bananas. ,a box of bananas [SEP]
Bananas a tightly packed and boxed for delivery to the market.,a box of bananas [SEP]
a bunch of bananas are packaged up in boxes,a box of bananas [SEP]
Bananas packed in cardboard box covered in plastic.,a box of bananas [SEP]
An unopened box full of perfectly ripe bananas.,a box of bananas [SEP]
Vegetables are displayed in a wooden barrel outdoors.,a bunch of bananas [SEP]
A bunch of bananas are sitting on the stand.,a bunch of bananas [SEP]
The cart has bananas or plantains piled on it. ,a bunch of bananas [SEP]
a box of green bananas and a box of ripe bananas ,a bunch of bananas [SEP]
A large number of green and yellow bananas in wooden containers.,a bunch of bananas [SEP]
A polie officer standing next to a  motorcycle parked on the street.,a motorcycle parked on the street [SEP]
A scene depicting a man sitting down on a curb and a motor cop writing a ticket,a motorcycle parked on the street [SEP]
A man and police officer on the sidewalk next to a motorcycle.,a motorcycle parked on the street [SEP]
A man sitting on a curb with a police officer behind him. ,a motorcycle parked on the street [SEP]
A motorcycle police officer is writing a ticket.,a motorcycle parked on the street [SEP]
a person riding a motorcycle on an enclosed road,a person riding a motorcycle on a track [SEP]
A motorcycle and a rider on a race track,a person riding a motorcycle on a track [SEP]
A person on a motorcycle driving around a racetrack.,a person riding a motorcycle on a track [SEP]
A person riding a motor cycle down a race track.,a person riding a motorcycle on a track [SEP]
Racer driving a high performance motorcycle on track,a person riding a motorcycle on a track [SEP]
A large pitcher of some beverage is on the table next to orange slices.,a glass of orange juice [SEP]
A cold pitcher of orange juice beside a bowl of orange slices.,a glass of orange juice [SEP]
A pitcher of beer is sitting next to a cup of orange slices. ,a glass of orange juice [SEP]
A pitcher of beer stands next to a dish containing orange slices.,a glass of orange juice [SEP]
a pitcher of liquid sitting on a table next to some sliced oranges,a glass of orange juice [SEP]
Motorcycles driving down a wide city street nearing a white building.,a cloudy sky [SEP]
A large building with many windows and people riding scooters nearby,a cloudy sky [SEP]
People are riding scooters down the middle of the road.,a cloudy sky [SEP]
People are riding electric scooters in front of a large building.,a cloudy sky [SEP]
Many motorcycles riding in front of a KFC.,a cloudy sky [SEP]
Two people on motorbike passing by a clock facade.,a man riding a motorcycle down a street [SEP]
Two people are riding a red bike down the street.,a man riding a motorcycle down a street [SEP]
Two people riding on top of one motorcycle.,a man riding a motorcycle down a street [SEP]
Two people are on a motorcycle driving down the street.,a man riding a motorcycle down a street [SEP]
The couple scoots around town on the motorbike.,a man riding a motorcycle down a street [SEP]
A bunch of birds sitting in a bread basket.,a table with a basket of bread and a newspaper [SEP]
Two birds perched on a bread basked on a table.,a table with a basket of bread and a newspaper [SEP]
Two finch birds standing next to a basket of bread. ,a table with a basket of bread and a newspaper [SEP]
Birds are standing in a basket on the table.,a table with a basket of bread and a newspaper [SEP]
three birds sitting on a bread basket near a newspaper,a table with a basket of bread and a newspaper [SEP]
Grey bird in a wooden basket eating bread.,a basket of bread and a newspaper on a table [SEP]
 A basket of bread with a small bird eating it.,a basket of bread and a newspaper on a table [SEP]
Bread sitting in a basket on a table beside a newspaper. ,a basket of bread and a newspaper on a table [SEP]
A bird is eating bread from a basket on a table.,a basket of bread and a newspaper on a table [SEP]
A bowl of bread and newspaper laid on a table.,a basket of bread and a newspaper on a table [SEP]
A motorbike sitting in front of a wine display case,a motorcycle is parked in a wine cellar [SEP]
A motor bike and some wine in a room.,a motorcycle is parked in a wine cellar [SEP]
A dirt bike sitting on a counter by some wine bottles.,a motorcycle is parked in a wine cellar [SEP]
a motorcycle standing in front a winery ,a motorcycle is parked in a wine cellar [SEP]
A bike sits among bottles of wine on a shelf. ,a motorcycle is parked in a wine cellar [SEP]
A wooden bench sitting next to an entrance.,a green bench [SEP]
A green wooden bench in front of a house.,a green bench [SEP]
A green bench in front of a window box,a green bench [SEP]
"a green, warped bench outside of a small cottage with a flowers in the window",a green bench [SEP]
The front of a small cabin with a window garden and green bench.,a green bench [SEP]
A dog watches an animal on the television.,a dog watching a television in a living room [SEP]
"Large brown dog facing away, watching TV with wildlife scene.",a dog watching a television in a living room [SEP]
A big brown dog is watching a television.,a dog watching a television in a living room [SEP]
The hound dog sits on a rug and watches another dog on the television set.,a dog watching a television in a living room [SEP]
A dog is sitting in front of a television.,a dog watching a television in a living room [SEP]
A picture advertising Arizona tourism in an airport,a large flat screen tv [SEP]
A television that is sitting next to signs,a large flat screen tv [SEP]
A television is shown in the middle of a baggage claim area.,a large flat screen tv [SEP]
An airport terminal has a big screen displaying an ad for Arizona.,a large flat screen tv [SEP]
A flat screen TV with a picture of a person jumping on it.,a large flat screen tv [SEP]
the person is sitting at a desk  with a television behind him ,a man sitting at a desk in front of a television [SEP]
A person sitting at a table in a room.,a man sitting at a desk in front of a television [SEP]
A man who is sitting at a table.,a man sitting at a desk in front of a television [SEP]
A man in a news room sits in front of a camera. ,a man sitting at a desk in front of a television [SEP]
A man sitting a desk in front of a TV.,a man sitting at a desk in front of a television [SEP]
A car passes by to find a man outside near a TV.,a man sitting on a bench in the back of a car [SEP]
A picture of a man sitting on the sidewalk next to a television set and backpack.,a man sitting on a bench in the back of a car [SEP]
A picture taken out of a vehicle of a man sitting outside beside a tv.,a man sitting on a bench in the back of a car [SEP]
Man sitting next to a TV on a sidewalk.,a man sitting on a bench in the back of a car [SEP]
A person sitting net to a TV on a sidewalk.,a man sitting on a bench in the back of a car [SEP]
A black man is sitting on the sidewalk next to a television.,a man sitting on a bench in the back of a car [SEP]
A four engine jet transport airplane flying low.,a plane is flying over a field of trees [SEP]
A large airplane flying over a grassy field with trees.,a plane is flying over a field of trees [SEP]
jumbo jet comes in for a landing over some trees,a plane is flying over a field of trees [SEP]
An airplane taking off over a field next to a forest. ,a plane is flying over a field of trees [SEP]
A jumbo jet plane in flight with a city in the background.,a plane is flying over a field of trees [SEP]
"The side of an airplane that is parked, and an Air China sign on the side of the plane.",a plane parked on the tarmac [SEP]
An Air China airplane sitting on the runway ,a plane parked on the tarmac [SEP]
This is the jet engine and side of an airplane.,a plane parked on the tarmac [SEP]
a parked air plane sit at a airfield ,a plane parked on the tarmac [SEP]
A view of the airplane looking down from the head.,a plane parked on the tarmac [SEP]
A man in a safety vest holds him arms up as he stands in front of an airplane.,a plane on the ground [SEP]
an airport employee giving directions to an airplane,a plane on the ground [SEP]
An air traffic controller directing an airplane on a busy runway.,a plane on the ground [SEP]
A person reflective gear directing an airplane ,a plane on the ground [SEP]
A person directing a white jet airliner with orange sticks.,a plane on the ground [SEP]
a large air plane is parked out on a grass field,a small plane on the ground [SEP]
A vintage propeller plane parked in a grassy area with other older planes.,a small plane on the ground [SEP]
Someone sitting in a renovated propellor fighter plane on a tarmac,a small plane on the ground [SEP]
Pilot sitting inside an old style war plane,a small plane on the ground [SEP]
A very nice looking fighter type plane in the grass.,a small plane on the ground [SEP]
A small airplane taking off from an airport runway.,a small plane on the runway [SEP]
A Curtiss P-40 Warhawk taxis along a runway.,a small plane on the runway [SEP]
A small airplane that is getting ready to take off from the runway. ,a small plane on the runway [SEP]
a small air plane getting ready to take off .,a small plane on the runway [SEP]
An airplane is about to fly into the sky. ,a small plane on the runway [SEP]
An airport filled with planes sitting on tarmacs.,a view of an airport from a window [SEP]
The view of runway from behind the windows of airport.,a view of an airport from a window [SEP]
a truck driving towards some planes parked on the runway,a view of an airport from a window [SEP]
Planes on a wet tarmac unloading at arrival gates.,a view of an airport from a window [SEP]
"Window view from the inside of airplanes, baggage carrier and tarmac. ",a view of an airport from a window [SEP]
A plane just outside of a terminal with other planes in the background.,a plane on the tar [SEP]
Several planes on the tarmac at an airport. ,a plane on the tar [SEP]
a very large airplane that is on a runway,a plane on the tar [SEP]
there is a white plane that is at this airport,a plane on the tar [SEP]
A small regional jet pulls to a gate at an airport.,a plane on the tar [SEP]
"An airplane sits on the tarmac of an airport, with a disconnected boarding gate.",a plane on the tar [SEP]
Plane boarding passengers while at a fancy airport,a plane on the tar [SEP]
A plane sitting on a runway getting ready to be emptied.,a plane on the tar [SEP]
THIS IS A AIRPLANE ON THE RUNWAY OF THE AIRPORT,a plane on the tar [SEP]
A plan parked on the cement near a terminal.,a plane on the tar [SEP]
A man sitting on a large bench talking on a cell phone.,a yellow and black bench [SEP]
A man sitting on a modern bench talking on a phone.,a yellow and black bench [SEP]
A man sitting on a black and yellow bench on the phone.,a yellow and black bench [SEP]
A man is sitting on a public bench on a busy city street.,a yellow and black bench [SEP]
Man talking on personal cell phone on a yellow and black bench.,a yellow and black bench [SEP]
a car is stopped in the street for people to cross,a man walking across a street [SEP]
a white car is pulled up and stopped at a line,a man walking across a street [SEP]
A car at an intersection while a man is crossing the street. ,a man walking across a street [SEP]
a silver car under a signal light that is green with a man in the  crosswalk,a man walking across a street [SEP]
A car that is sitting near a green street light.,a man walking across a street [SEP]
A traffic signal sitting next to a street at night.,a traffic light on a pole [SEP]
"Traffic light at night, appearing very confusing. ",a traffic light on a pole [SEP]
The electronic stop sign glows brightly at night time.,a traffic light on a pole [SEP]
A variety of traffic lights and road signs.,a traffic light on a pole [SEP]
There is a street light with two green arrows in different directions,a traffic light on a pole [SEP]
A small blue plane sitting on top of a field.,a small plane on the ground [SEP]
an E2 airplane painted blue with black and white stripes ,a small plane on the ground [SEP]
An old warplane is on display in a field.  ,a small plane on the ground [SEP]
a blue small plane standing at the airstrip,a small plane on the ground [SEP]
Model airplane with an American insignia and stripes on wings.,a small plane on the ground [SEP]
Man bending down to check out a model plain that is parked in the grass,a man is working on a small plane [SEP]
Man behind a radio operated model airplane on the ground.,a man is working on a small plane [SEP]
The man is crouched down with a small airplane model. ,a man is working on a small plane [SEP]
a small red and white toy plane in the grass,a man is working on a small plane [SEP]
A man smiles while kneeling beside a miniature airplane.,a man is working on a small plane [SEP]
A small plane flying through a cloudy blue sky.,a small plane flying in the sky [SEP]
Red and white small plane on partially cloudy day.,a small plane flying in the sky [SEP]
"A red and white biplane in a blue, cloudy sky.",a small plane flying in the sky [SEP]
A plane that is flying in the air.,a small plane flying in the sky [SEP]
A small lightweight airplane flying through the sky.,a small plane flying in the sky [SEP]
A park bench siting next to a tree next to a  park.,a bench in a park [SEP]
Green park bench in front of a tree on a sunny day.,a bench in a park [SEP]
A lone public bench under a tree surrounded by other trees and grass.  ,a bench in a park [SEP]
A green slated park bench under a tree.,a bench in a park [SEP]
A green painted bench sitting underneath a tree.,a bench in a park [SEP]
a giraffe walking through trees on a sunny day,a gife standing in the grass [SEP]
Giraffe grazing on leaves from tree in native area.,a gife standing in the grass [SEP]
A giraffe is walking slowly on the grass as other giraffes walk ahead in a park.,a gife standing in the grass [SEP]
The giraffe is looking for a place to eat.,a gife standing in the grass [SEP]
A tall giraffe eating leaves off a tree,a gife standing in the grass [SEP]
a view of an air plane wing in the air ,the plane is flying [SEP]
Is this the inside of a building for skateboarding?,the plane is flying [SEP]
A yellow airplane wing pointed toward the ground?,the plane is flying [SEP]
An ariel view of a planet in space is shown.,the plane is flying [SEP]
landscape photo with plane wing at top and view of sandy hills showing rain gulleys,the plane is flying [SEP]
The snow covered mountain looks over the small city.,a plane flying over a city [SEP]
A COMMERCIAL AIRPLANE FLYING ABOVE THE CITY AND MOUNTAIN,a plane flying over a city [SEP]
The airplane has taken off from the airport. ,a plane flying over a city [SEP]
"A plane ascends over a city, with mountains in the background.",a plane flying over a city [SEP]
a passenger jet plane beginning its ascent over a city in the mountains,a plane flying over a city [SEP]
A motorcycle sits parked across from a herd of livestock.,a motorcycle parked in the dirt [SEP]
"A motorbike, people and sheep in the background",a motorcycle parked in the dirt [SEP]
A motorcycle parked on top of a sandy beach.,a motorcycle parked in the dirt [SEP]
A motorcycle in the foreground parked in a dirt parking lot,a motorcycle parked in the dirt [SEP]
A multicolored motorcycle rests outside of a sheep farm.,a motorcycle parked in the dirt [SEP]
A large group of sheep in a grassy field.,a field of green grass [SEP]
many different animals in a large field of green grass ,a field of green grass [SEP]
A lot of animals that are in the grass.,a field of green grass [SEP]
Sheep are grazing on a bright green field.,a field of green grass [SEP]
THERE ARE A LOT OF SHEEPS ON THE GRASS EATING,a field of green grass [SEP]
A giraffe with a mouth full of grass in front of a forest.,a git eating a piece of grass [SEP]
A close up of a giraffe chewing on some hay.,a git eating a piece of grass [SEP]
a close up of a giraffe head eating on grass,a git eating a piece of grass [SEP]
A giraffe is chewing a mouthful of grass.,a git eating a piece of grass [SEP]
A hungry giraffe is eating it's food in the zoo.,a git eating a piece of grass [SEP]
A giraffe standing in the grass near a tree.,a gife standing in a field [SEP]
a brown and white giraffe in a field of grass,a gife standing in a field [SEP]
a close up of a giraffe with a blurry background ,a gife standing in a field [SEP]
A giraffe stands alone near a rocky hill.,a gife standing in a field [SEP]
A giraffe standing in a picture with a field in back.,a gife standing in a field [SEP]
A building shines in the clear sky as cars drive underneath.,a city street with a tall building in the background [SEP]
A street scene at an intersection with tall skyscrapers in the background. ,a city street with a tall building in the background [SEP]
Large glass building shining from sunlight on it. ,a city street with a tall building in the background [SEP]
A CITY WITH SKY SCRAPERS AND CARS ON IT ,a city street with a tall building in the background [SEP]
Large modern buildings on a busy street. ,a city street with a tall building in the background [SEP]
A large white dog is sitting on a bench beside an elderly man.,a man and a dog sitting on a bench [SEP]
A large white dog sits on a bench with people next to a path.,a man and a dog sitting on a bench [SEP]
A large dog sits just his bottom on a park bench.,a man and a dog sitting on a bench [SEP]
A dog sitting on a bench next to an old man.,a man and a dog sitting on a bench [SEP]
A couple of people sitting on a bench next to a dog.,a man and a dog sitting on a bench [SEP]
a woman is on a poster hanging outside,a white sign with a picture of a woman [SEP]
A sign in a median is displaying an ad of a woman.,a white sign with a picture of a woman [SEP]
A city sidewalk billboard featuring a young woman.,a white sign with a picture of a woman [SEP]
A billboard on the median of an intersection.,a white sign with a picture of a woman [SEP]
City art installation showing a picture of a girl.,a white sign with a picture of a woman [SEP]
A yellow bus is parked near people on the side of the road.,a yellow bus [SEP]
A yellow bus stopping at a bus stop in a city.,a yellow bus [SEP]
A bus stopped at a bus stop while passengers get on and off.,a yellow bus [SEP]
A group of people at a bus stop boarding the bus.,a yellow bus [SEP]
It doesn't appear that anyone is waiting on the bus.,a yellow bus [SEP]
A lone giraffe walking in an open field.,a gife standing in a field [SEP]
A giraffe stands in the grass in Africa. ,a gife standing in a field [SEP]
A giraffe stands in the field as the sun goes down.,a gife standing in a field [SEP]
A tall giraffe standing in a lush green field.,a gife standing in a field [SEP]
"A giraffe stands in a vast, green expanse while puffy clouds and blue sky fill in the background.",a gife standing in a field [SEP]
Two giraffes standing together in an open field zoo den,two gis are standing next to each other gis [SEP]
One giraffe licks the tree limb while the other looks at him strangely. ,two gis are standing next to each other gis [SEP]
Two giraffes lick a branch on a grassy field.,two gis are standing next to each other gis [SEP]
There are two giraffes standing next to a tree branch,two gis are standing next to each other gis [SEP]
Head of two giraffes with one slicking the bark on a tree.,two gis are standing next to each other gis [SEP]
A couple of traffic lights sitting under a cloudy sky.,a traffic light [SEP]
a street light has the red lights glowing,a traffic light [SEP]
The traffic lights are clearly visible for all of us to see. ,a traffic light [SEP]
a pole with a stop lights attached to it,a traffic light [SEP]
two sets of street lights attached to a pole ,a traffic light [SEP]
A giraffe drinking water from a  river on a beach.,a gife drinking water [SEP]
A lone giraffe that is getting a drink of water from a small pond.,a gife drinking water [SEP]
A giraffe awkwardly sips water from a puddle in the dirt road.,a gife drinking water [SEP]
Giraffe is eating or drinking something off of the ground.,a gife drinking water [SEP]
A giraffe leaning down and bending its knees to drink from a puddle,a gife drinking water [SEP]
A group of giraffes standing near each other. ,a group of gis [SEP]
a small herd of giraffe in an open field,a group of gis [SEP]
All of the tall giraffes are standing in the grass.,a group of gis [SEP]
A bunch of giraffes that are standing in the grass.,a group of gis [SEP]
Several giraffes standing near rocks in front of trees.,a group of gis [SEP]
Two giraffe standing next to each other on a grassy field.,two gis standing in a field [SEP]
Two giraffes stroll past each other near a bush.,two gis standing in a field [SEP]
Two giraffes standing near trees in a grassy area. ,two gis standing in a field [SEP]
Two giraffes rub their necks together as they stand by the trees in the sunlight. ,two gis standing in a field [SEP]
Two giraffes crossing paths on a green and grassy field.,two gis standing in a field [SEP]
A giraffe lying on the ground in a zoo pin.,a gife sitting on the ground [SEP]
A giraffe laying down on the dirt ground. ,a gife sitting on the ground [SEP]
Lone giraffe lying in dirt area of enclosure.,a gife sitting on the ground [SEP]
Small giraffe sitting on the ground while the sun hits its body.,a gife sitting on the ground [SEP]
A giraffe laying down on top of a dirt field.,a gife sitting on the ground [SEP]
a couple of giraffes that are walking around,a gifet in a zoo [SEP]
A herd of giraffe standing on top of a dirt field.,a gifet in a zoo [SEP]
Several smaller giraffes that are in an enclosure.,a gifet in a zoo [SEP]
The giraffes are walking in different directions outside.,a gifet in a zoo [SEP]
A giraffe standing next to three baby giraffes in a zoo exhibit.,a gifet in a zoo [SEP]
some street signs sitting on a pole next to a street light ,a street sign on a pole [SEP]
A traffic light and road signs are posted near buildings.,a street sign on a pole [SEP]
A traffic light and a sign for the entrance of highway 527 South.,a street sign on a pole [SEP]
A streetlight next to a street sign and a directional sign.,a street sign on a pole [SEP]
a green light is next to a couple of street signs on a pole,a street sign on a pole [SEP]
A street light with many signs on it stands to the foreground of a large building standing beside a naked tree.  ,a traffic light with a stop light on it [SEP]
A stoplight with street signs on it ,a traffic light with a stop light on it [SEP]
A pole has street signs and traffic lights on it.,a traffic light with a stop light on it [SEP]
The traffic and walk signals are at C and 3 Streets,a traffic light with a stop light on it [SEP]
"There is an image of an outdoor area. 

",a traffic light with a stop light on it [SEP]
A bench with potted plants sitting on top of it. ,a red bench [SEP]
A bench surrounded by different plants on ground and potted plants.,a red bench [SEP]
An empty red bench in an overgrown garden.,a red bench [SEP]
A bench is in an overgrown yard by a hose.,a red bench [SEP]
There is a metal and wood chair in a garden,a red bench [SEP]
A large giraffe is standing in the wilderness.,a gife standing in the woods [SEP]
A giraffe stands in an area with many tall trees,a gife standing in the woods [SEP]
A giraffe standing in a field full of trees and plants.,a gife standing in the woods [SEP]
A large giraffe is standing outdoors near some trees. ,a gife standing in the woods [SEP]
A large tall giraffe standing by a tree.,a gife standing in the woods [SEP]
A yellow school bus with a creepy eye shaped rear view mirror.,a yellow school bus with a mirror on the side [SEP]
The mirrors of a yellow school bus below a cloudy sky.,a yellow school bus with a mirror on the side [SEP]
The school bus features a safety mirror on the side.,a yellow school bus with a mirror on the side [SEP]
a close up of the front end of a school bus ,a yellow school bus with a mirror on the side [SEP]
A school bus with a front mirror next to a light pole.,a yellow school bus with a mirror on the side [SEP]
An eating area with a table and a few chairs.,a wooden table [SEP]
Table situated in corner of room with a vase for a center piece,a wooden table [SEP]
A wooden table sitting below a bunch of windows.,a wooden table [SEP]
A dining room table next to windows overlooking woods,a wooden table [SEP]
A wooden dining table is surrounded by windows.,a wooden table [SEP]
A large point tower towering over a traffic light.,a traffic light with a building in the background [SEP]
a stop light that is out on a pole,a traffic light with a building in the background [SEP]
Street signal light near church at dusk near streetlight.,a traffic light with a building in the background [SEP]
"A view of a stop light, with a cathedral, in the back.",a traffic light with a building in the background [SEP]
Traffic signals direct traffic while a tower is in the background.,a traffic light with a building in the background [SEP]
"Close up of a traffic light with three lights, the top illuminated red with a person image, the second down not illuminated, and the bottom on hanging down.",a traffic light [SEP]
there are three different lights that show if u can walk,a traffic light [SEP]
A traffic light with it's green light busted.,a traffic light [SEP]
A traffic signal has a pedestrian walk symbol alight.   ,a traffic light [SEP]
A stoplight on a pole near a large building ,a traffic light [SEP]
A woman in sunglasses is in a picture with a giraffe. ,a woman with sunglasses and a git [SEP]
A woman wearing sun glasses standing next to a giraffe.,a woman with sunglasses and a git [SEP]
a woman smiles as a giraffe walks in the back ground ,a woman with sunglasses and a git [SEP]
a lady with glasses with a giraffe behind her,a woman with sunglasses and a git [SEP]
The woman is taking a picture of herself and the giraffe. ,a woman with sunglasses and a git [SEP]
A bus parked next to another bus at a bus stop.,a bus on the road [SEP]
People getting on a bus at a station.,a bus on the road [SEP]
People boarding a commuter bus on a sunny day,a bus on the road [SEP]
A busy city bus stop with people boarding the buses.,a bus on the road [SEP]
A white bus is parked at a station where people are waiting.,a bus on the road [SEP]
A line of multiple buses parked along a wall.,a row of buses [SEP]
A long line of buses pass on an urban street. ,a row of buses [SEP]
A caravan of buses are parked on the side of the road.,a row of buses [SEP]
A very long row of buses on the street in a city.,a row of buses [SEP]
Several city buses lined up in a large city.,a row of buses [SEP]
A couple of giraffes that are standing in the grass.,two gis in the wild [SEP]
two giraffes in a field near many trees,two gis in the wild [SEP]
"Two giraffes are grazing side by side, but in opposite directions.",two gis in the wild [SEP]
Two giraffes are facing in opposite directions with their necks bent down.  ,two gis in the wild [SEP]
A couple of giraffe standing next to each other.,two gis in the wild [SEP]
A park bench submerged in water in a flood.,a red bench in the middle of a flooded field [SEP]
An orange bench surrounded by flood waters near a small metal grill.,a red bench in the middle of a flooded field [SEP]
A bench under water in a park that has been flooded ,a red bench in the middle of a flooded field [SEP]
The water of the river is muddy brown.,a red bench in the middle of a flooded field [SEP]
A red park bench sitting in the middle of a flooded area.,a red bench in the middle of a flooded field [SEP]
A woman sitting on a bench reading a paper.,a woman sitting on a bench reading a newspaper [SEP]
"A man and a women sitting on a bench, the women is reading a newspaper.",a woman sitting on a bench reading a newspaper [SEP]
A young woman sitting on the bench of a pier reading the newspaper,a woman sitting on a bench reading a newspaper [SEP]
A lady reading a newspaper on a public bench outside.,a woman sitting on a bench reading a newspaper [SEP]
two people sitting on a bench with a boat in the background,a woman sitting on a bench reading a newspaper [SEP]
A giraffe standing next to a covered structure.,a git is sticking his head over a fence [SEP]
A giraffe reaching up to greet someone with food,a git is sticking his head over a fence [SEP]
A giraffe extends his neck near an onlooker.,a git is sticking his head over a fence [SEP]
People are feeding a giraffe at the zoo.,a git is sticking his head over a fence [SEP]
Giraffe approaches a person and almost touches person hand.,a git is sticking his head over a fence [SEP]
People are waiting on a corner to cross a street. ,a group of people standing on a sidewalk [SEP]
A man speaking to a crowd of people waiting to cross the street.,a group of people standing on a sidewalk [SEP]
A large group of people on a corner waiting to cross the street.,a group of people standing on a sidewalk [SEP]
A group of people are at an intersection to cross the street.,a group of people standing on a sidewalk [SEP]
A group of people standing at a corner looking across the street,a group of people standing on a sidewalk [SEP]
A single park bench is by small trees.,a bench in the grass [SEP]
an image of a park bench that is sitting in the grass,a bench in the grass [SEP]
a bench in a field near some small trees,a bench in the grass [SEP]
A bench sitting in the grass in front of trees.,a bench in the grass [SEP]
A park bench with a broken board on one end.,a bench in the grass [SEP]
A girl and boy sitting at a wooden table with the boy looking at the girl.,two children sitting at a table [SEP]
Two kids sitting at a wooden table eating chips.,two children sitting at a table [SEP]
A young boy standing next to a young girl and a bag of chips.,two children sitting at a table [SEP]
The two young children are sitting at the table together. ,two children sitting at a table [SEP]
A little girl has a bag of chips and a boy is smiling at her,two children sitting at a table [SEP]
A rusted pink fire hydrant in the grass,a fire hydrant [SEP]
Close up of slightly rusted fire hydrant on the grass.,a fire hydrant [SEP]
A faded and rusty fire hydrant in grass next to the street.,a fire hydrant [SEP]
old and faded fire hydrant surrounded by some green grass,a fire hydrant [SEP]
An old fire hydrant sitting outside in the grass. ,a fire hydrant [SEP]
A bicycle is lying on the sidewalk beside a fire hydrant.,a black fire hydrant [SEP]
Two eyes painted on a fire hydrant make it look more festive.,a black fire hydrant [SEP]
A fire hydrant with a pair of eye stickers making a face on it.,a black fire hydrant [SEP]
The fire hydrant on the side of the road has eyes painted on it. ,a black fire hydrant [SEP]
A fire hydrant in which someone put two eyes on it.,a black fire hydrant [SEP]
A red fire hydrant sitting next to a sandwich sign.,a fire hydrant covered in snow on a snowy day [SEP]
A fire hydrant and sign covered in snow,a fire hydrant covered in snow on a snowy day [SEP]
A fire hydrant near a sign that is covered with sticky snow.,a fire hydrant covered in snow on a snowy day [SEP]
A fire hydrant outside on a street covered in snow.,a fire hydrant covered in snow on a snowy day [SEP]
A snow covered city street featuring a red fire hydrant,a fire hydrant covered in snow on a snowy day [SEP]
A little girl in a pink shirt standing near a blue metal sculpture.,a group of people standing around a blue sculpture [SEP]
People are standing outside in a busy city street.,a group of people standing around a blue sculpture [SEP]
Woman taking a picture of someone standing behind a sculpture and a child pushing another woman towards the sculpture. ,a group of people standing around a blue sculpture [SEP]
People in a inner city courtyard watching a performance. ,a group of people standing around a blue sculpture [SEP]
A woman snaps a photo of people having fun in the courtyard.,a group of people standing around a blue sculpture [SEP]
A newly married emo hipster couple sitting on a bench.,a man wearing a suit [SEP]
a woman and man sits on a wooden bench,a man wearing a suit [SEP]
A smiling couple in wedding attire on a wooden bench.,a man wearing a suit [SEP]
A bride and groom pose for wedding pictures.,a man wearing a suit [SEP]
A bride with blue hair and a groom sitting on a bench together. ,a man wearing a suit [SEP]
A red fire hydrant is leaking onto a side walk.,a red fire hydrant is pouring water [SEP]
A red fire hydrant gushing water onto a street.,a red fire hydrant is pouring water [SEP]
A red fire hydrant pouring water onto a sidewalk.,a red fire hydrant is pouring water [SEP]
A red fire hydrant opened and spilling water.,a red fire hydrant is pouring water [SEP]
A red fire hydrant spouting water onto sidewalk with trees in background.,a red fire hydrant is pouring water [SEP]
A herd of sheep standing on top of snow covered field.,a group of sheep [SEP]
Several sheep grazing in a field of tall grass in front of a building.,a group of sheep [SEP]
Group of sheep and mountain out front of old house.,a group of sheep [SEP]
A flock of sheep standing around in the middle of a pen.,a group of sheep [SEP]
Sheep are grazing in a snow dusted field. ,a group of sheep [SEP]
A couple of kids standing around a red fire hydrant.,a little girl wearing a fireman hat [SEP]
Two girls are wearing plastic firefighter hats and standing next to a fire hydrant. ,a little girl wearing a fireman hat [SEP]
Two little girls are wearing fireman hats and poking a fire hydrant.,a little girl wearing a fireman hat [SEP]
Two young girls in toy fire helmets looking at a fire hydrant.,a little girl wearing a fireman hat [SEP]
two small children playing next to a fired hydrant and holding a balloon,a little girl wearing a fireman hat [SEP]
A giraffe and a zebra are in a grassy field.,a gife standing in a field [SEP]
A giraffe and zebra in field next to a fence and building.,a gife standing in a field [SEP]
A giraffe and a zebra are in their pen at the zoo.,a gife standing in a field [SEP]
Giraffe walking near zebra lying in grass in enclosure.,a gife standing in a field [SEP]
A giraffe and a zebra are on a grassy field.,a gife standing in a field [SEP]
A ducks is flying over a body of water.,a bird flying over a body of water [SEP]
A duck is in the air flying over water.,a bird flying over a body of water [SEP]
A duck is flying low above the water.,a bird flying over a body of water [SEP]
A duck flying above a large body of water.,a bird flying over a body of water [SEP]
a white brown and green duck is flying over some water,a bird flying over a body of water [SEP]
A yellow and blue fire hydrant sitting on a sidewalk.,a yellow and blue fire hydrant on the side of the road [SEP]
A yellow and blue fire hydrant on the sidewalk.,a yellow and blue fire hydrant on the side of the road [SEP]
A freeway sign states Las Vegas north in the background behind a yellow and blue fire hydrant,a yellow and blue fire hydrant on the side of the road [SEP]
A brightly colored fire hydrant sits beside a brightly colored curb.,a yellow and blue fire hydrant on the side of the road [SEP]
A fire hydrant that is painted yellow and blue.,a yellow and blue fire hydrant on the side of the road [SEP]
A flock of small birds flying in the sky over the water.,a flock of birds flying over a body of water [SEP]
Several birds that are flying together over a body of water.,a flock of birds flying over a body of water [SEP]
A flock of birds flying over a field.,a flock of birds flying over a body of water [SEP]
A black and white image showing birds flying over a body of water.,a flock of birds flying over a body of water [SEP]
A group of birds flying over the water,a flock of birds flying over a body of water [SEP]
A float in a parade on a sunny day.,a red fire hydra truck [SEP]
a large fire hydrant on a truck ,a red fire hydra truck [SEP]
Truck towing  wheeled hydrant in a parade,a red fire hydra truck [SEP]
A parade has a float with a fire hydrant on it.,a red fire hydra truck [SEP]
The jazz band is taking part in a parade.,a red fire hydra truck [SEP]
A swan is floating down the river by the boat.,a boat with a tent on the side of it [SEP]
A boat with flags and tents is docked next to a grassy bank.,a boat with a tent on the side of it [SEP]
A boat that is decorated with flags on the water. ,a boat with a tent on the side of it [SEP]
a parked boat with some items inside of it ,a boat with a tent on the side of it [SEP]
A large red boat sitting next to a lush green shore.,a boat with a tent on the side of it [SEP]
There are mountains in the background and a lake in the middle.,a fire hydra sitting in the snow near a lake [SEP]
a red fire hydrant in a field covered in snow,a fire hydra sitting in the snow near a lake [SEP]
"A fire hydrant in front of a snow covered field, a lake and mountain backdrop.",a fire hydra sitting in the snow near a lake [SEP]
A hydran in a snow covered field overlooking a lake.,a fire hydra sitting in the snow near a lake [SEP]
An expanse of snow in the middle of dry plants,a fire hydra sitting in the snow near a lake [SEP]
A flock of white birds flying over small boats.,a black and white photo of boats in a harbor [SEP]
Many birds flying over some boats in the water.,a black and white photo of boats in a harbor [SEP]
A harbor with boats and lots of birds flying around.,a black and white photo of boats in a harbor [SEP]
a black and white picture of seagulls flying over a body of water.,a black and white photo of boats in a harbor [SEP]
A lot of white birds flying around boats.,a black and white photo of boats in a harbor [SEP]
there is a cat that is standing near the water,a cat is looking at a bird in the air [SEP]
A cat standing next to a pond with a duck.,a cat is looking at a bird in the air [SEP]
A cat looking intently at something as a duck floats by.,a cat is looking at a bird in the air [SEP]
this is a cat standing near a patch of grass,a cat is looking at a bird in the air [SEP]
A cat in the foreground and a duck in the background.,a cat is looking at a bird in the air [SEP]
A giraffe grazing on a tree in the wilderness with other wildlife,a gife standing in tall grass [SEP]
Several giraffes eating leaves from the ground and tree.,a gife standing in tall grass [SEP]
Two giraffes and another animal in a field.,a gife standing in tall grass [SEP]
Several giraffe eating the leaves from neighboring trees.,a gife standing in tall grass [SEP]
Giraffes are feeding on the trees and grass.,a gife standing in tall grass [SEP]
there are blue lights shining threw palm trees ,a fire hydrant is lit up with blue light [SEP]
A fire hydrant pouring water from it with a neon blue glow to it.,a fire hydrant is lit up with blue light [SEP]
Reflections of light streaming thru a building window at night.,a fire hydrant is lit up with blue light [SEP]
a fire hydrant on a city street ,a fire hydrant is lit up with blue light [SEP]
A yellow fire hydrant that is on the side of the street.,a fire hydrant is lit up with blue light [SEP]
Three giraffes grazing from a bush over a fence.,two gis standing next to a fence [SEP]
A couple of giraffe standing next to a fence.,two gis standing next to a fence [SEP]
The giraffes crane their necks over the small fence because the fence is small and their necks are not small.,two gis standing next to a fence [SEP]
A group of giraffe standing next to each other.,two gis standing next to a fence [SEP]
Three giraffe stand near each other close to a fence.,two gis standing next to a fence [SEP]
A city street sign warning of a hill in different languages.,a sign with the words love is now written on it [SEP]
Closeup of two street signs with various languages on them.,a sign with the words love is now written on it [SEP]
a street sign mounted on a vertical pole,a sign with the words love is now written on it [SEP]
